x,y,diameter,name
267.0,83.0,44.193794,Blah
232.0,85.0,50.874016,Blah
112.0,97.0,47.955116,Blah
122.0,127.0,65.75856,Blah
242.0,185.0,50.44512,Blah
306.0,150.0,49.474266,Blah
148.0,163.0,65.62944,Blah
80.0,256.0,42.741318,Blah
359.0,251.0,70.92218,Blah
436.0,109.0,70.990326,Blah
